{
  "summary": [
    {
      "run": "pre_performance",
      "ga_n_features": 36,
      "ga_cv_r2": 0.4264,
      "ga_test_r2": 0.8085,
      "ga_test_mae": 0.1682,
      "ga_test_rmse": 0.2849,
      "rfecv_n_features": 30,
      "rfecv_best_cv_r2": 0.7086,
      "cv_full_mean": 0.7147,
      "cv_selected_mean": 0.7145,
      "sklearn_best_cv_model": "GradientBoosting",
      "sklearn_best_cv_r2": 0.7463980953610119,
      "sklearn_best_cv_test_r2": 0.8538464835512931,
      "sklearn_best_test_model": "GradientBoosting",
      "sklearn_best_test_r2": 0.8538464835512931,
      "sklearn_best_test_mae": 0.1426057415447008,
      "sklearn_best_test_rmse": 0.2488789974082933,
      "dnn_best_r2": 0.7935963993586093,
      "dnn_best_mae": 0.178965739421394,
      "dnn_best_rmse": 0.2957619144144752,
      "dnn_mean_r2": 0.7610078443462881,
      "dnn_std_r2": 0.0184207153287536,
      "sklearn_y_p_cv": 0.0099,
      "sklearn_y_p_test": 0.0099,
      "dnn_y_p": 0.009901
    },
    {
      "run": "pre_physics",
      "ga_n_features": 23,
      "ga_cv_r2": 0.2172,
      "ga_test_r2": 0.2636,
      "ga_test_mae": 0.3837,
      "ga_test_rmse": 0.5586,
      "rfecv_n_features": 9,
      "rfecv_best_cv_r2": 0.7028,
      "cv_full_mean": 0.7026,
      "cv_selected_mean": 0.7072,
      "sklearn_best_cv_model": "GradientBoosting",
      "sklearn_best_cv_r2": 0.7385739820798657,
      "sklearn_best_cv_test_r2": 0.8519833499189866,
      "sklearn_best_test_model": "GradientBoosting",
      "sklearn_best_test_r2": 0.8519833499189866,
      "sklearn_best_test_mae": 0.1444527487098346,
      "sklearn_best_test_rmse": 0.2504603018336764,
      "dnn_best_r2": 0.7643671417599665,
      "dnn_best_mae": 0.2075195738745497,
      "dnn_best_rmse": 0.3160105194381439,
      "dnn_mean_r2": 0.7260480560145737,
      "dnn_std_r2": 0.0359328026960844,
      "sklearn_y_p_cv": 0.0099,
      "sklearn_y_p_test": 0.0099,
      "dnn_y_p": 0.009901
    },
    {
      "run": "post_performance",
      "ga_n_features": 30,
      "ga_cv_r2": 0.406,
      "ga_test_r2": 0.8288,
      "ga_test_mae": 0.1662,
      "ga_test_rmse": 0.2694,
      "rfecv_n_features": 10,
      "rfecv_best_cv_r2": 0.716,
      "cv_full_mean": 0.7229,
      "cv_selected_mean": 0.7253,
      "sklearn_best_cv_model": "GradientBoosting",
      "sklearn_best_cv_r2": 0.7377201051933069,
      "sklearn_best_cv_test_r2": 0.8443351499749184,
      "sklearn_best_test_model": "GradientBoosting",
      "sklearn_best_test_r2": 0.8443351499749184,
      "sklearn_best_test_mae": 0.1445957658313641,
      "sklearn_best_test_rmse": 0.2568495995137338,
      "dnn_best_r2": 0.814792368026778,
      "dnn_best_mae": 0.1682195967724987,
      "dnn_best_rmse": 0.2801644672103025,
      "dnn_mean_r2": 0.7971351469641306,
      "dnn_std_r2": 0.0122020777419152,
      "sklearn_y_p_cv": 0.0099,
      "sklearn_y_p_test": 0.0099,
      "dnn_y_p": 0.009901
    },
    {
      "run": "post_physics",
      "ga_n_features": 28,
      "ga_cv_r2": 0.2104,
      "ga_test_r2": 0.2701,
      "ga_test_mae": 0.3827,
      "ga_test_rmse": 0.5562,
      "rfecv_n_features": 9,
      "rfecv_best_cv_r2": 0.7054,
      "cv_full_mean": 0.7069,
      "cv_selected_mean": 0.7037,
      "sklearn_best_cv_model": "GradientBoosting",
      "sklearn_best_cv_r2": 0.7431501891654877,
      "sklearn_best_cv_test_r2": 0.8289803983305145,
      "sklearn_best_test_model": "GradientBoosting",
      "sklearn_best_test_r2": 0.8289803983305145,
      "sklearn_best_test_mae": 0.1524122647425623,
      "sklearn_best_test_rmse": 0.2692195285515714,
      "dnn_best_r2": 0.7423231118477951,
      "dnn_best_mae": 0.2040382724082809,
      "dnn_best_rmse": 0.3304618635718678,
      "dnn_mean_r2": 0.7070120815028083,
      "dnn_std_r2": 0.0286769845129658,
      "sklearn_y_p_cv": 0.0099,
      "sklearn_y_p_test": 0.0099,
      "dnn_y_p": 0.009901
    },
    {
      "run": "mi_performance_100",
      "ga_n_features": 26,
      "ga_cv_r2": 0.1274,
      "ga_test_r2": 0.81,
      "ga_test_mae": 0.1731,
      "ga_test_rmse": 0.2838,
      "rfecv_n_features": 22,
      "rfecv_best_cv_r2": 0.6991,
      "cv_full_mean": 0.6951,
      "cv_selected_mean": 0.6977,
      "sklearn_best_cv_model": "GradientBoosting",
      "sklearn_best_cv_r2": 0.741358677980276,
      "sklearn_best_cv_test_r2": 0.8307904337091268,
      "sklearn_best_test_model": "XGBRegressor",
      "sklearn_best_test_r2": 0.8447738442441889,
      "sklearn_best_test_mae": 0.1526168472689272,
      "sklearn_best_test_rmse": 0.2564874177272196,
      "dnn_best_r2": 0.7945014102626244,
      "dnn_best_mae": 0.1832969641338057,
      "dnn_best_rmse": 0.2951127934442777,
      "dnn_mean_r2": 0.7786842714877463,
      "dnn_std_r2": 0.012116771806262944,
      "sklearn_y_p_cv": 0.0099,
      "sklearn_y_p_test": 0.0099,
      "dnn_y_p": 0.009901
    },
    {
      "run": "mi_physics_100",
      "ga_n_features": 16,
      "ga_cv_r2": -0.1686,
      "ga_test_r2": 0.1552,
      "ga_test_mae": 0.4059,
      "ga_test_rmse": 0.5983,
      "rfecv_n_features": 15,
      "rfecv_best_cv_r2": 0.6815,
      "cv_full_mean": 0.6834,
      "cv_selected_mean": 0.6832,
      "sklearn_best_cv_model": "GradientBoosting",
      "sklearn_best_cv_r2": 0.7356567231871715,
      "sklearn_best_cv_test_r2": 0.8506665389721707,
      "sklearn_best_test_model": "GradientBoosting",
      "sklearn_best_test_r2": 0.8506665389721707,
      "sklearn_best_test_mae": 0.1420868429759602,
      "sklearn_best_test_rmse": 0.2515719287566683,
      "dnn_best_r2": 0.7653019200803711,
      "dnn_best_mae": 0.1943045428044054,
      "dnn_best_rmse": 0.3153830744009041,
      "dnn_mean_r2": 0.7286001290912022,
      "dnn_std_r2": 0.02445645145873794,
      "sklearn_y_p_cv": 0.0099,
      "sklearn_y_p_test": 0.0099,
      "dnn_y_p": 0.009901
    }
  ],
  "rankings": {
    "tree_test_r2_rank": [
      {
        "run": "pre_performance",
        "sklearn_best_test_r2": 0.8538464835512931
      },
      {
        "run": "pre_physics",
        "sklearn_best_test_r2": 0.8519833499189866
      },
      {
        "run": "mi_physics_100",
        "sklearn_best_test_r2": 0.8506665389721707
      },
      {
        "run": "mi_performance_100",
        "sklearn_best_test_r2": 0.8447738442441889
      },
      {
        "run": "post_performance",
        "sklearn_best_test_r2": 0.8443351499749184
      },
      {
        "run": "post_physics",
        "sklearn_best_test_r2": 0.8289803983305145
      }
    ],
    "dnn_best_r2_rank": [
      {
        "run": "post_performance",
        "dnn_best_r2": 0.814792368026778
      },
      {
        "run": "mi_performance_100",
        "dnn_best_r2": 0.7945014102626244
      },
      {
        "run": "pre_performance",
        "dnn_best_r2": 0.7935963993586093
      },
      {
        "run": "mi_physics_100",
        "dnn_best_r2": 0.7653019200803711
      },
      {
        "run": "pre_physics",
        "dnn_best_r2": 0.7643671417599665
      },
      {
        "run": "post_physics",
        "dnn_best_r2": 0.7423231118477951
      }
    ],
    "feature_count_rank": [
      {
        "run": "pre_physics",
        "rfecv_n_features": 9
      },
      {
        "run": "post_physics",
        "rfecv_n_features": 9
      },
      {
        "run": "post_performance",
        "rfecv_n_features": 10
      },
      {
        "run": "mi_physics_100",
        "rfecv_n_features": 15
      },
      {
        "run": "mi_performance_100",
        "rfecv_n_features": 22
      },
      {
        "run": "pre_performance",
        "rfecv_n_features": 30
      }
    ]
  }
}