Feature,Importance
Delta_MaxAbsCharge,0.6300764957254112
Inv_T,0.5113515763211035
VSA_EState3_2,0.45064970832229123
HeavyAtomMolWt_2,0.35998277856116667
SMR_VSA5_2,0.3569171886614847
MinAbsPartialCharge_1,0.32383169502559817
VSA_EState1_1,0.22114182003587457
Delta_MolMR,0.21430418819480995
BCUT2D_MWLOW_1,0.002107189839704615
