Feature,Importance
MinPartialCharge_1,1.3603438516236719
InvT_x_DTPSA,0.7235608509071964
Chi2v_1,0.4032031240951934
MaxAbsEStateIndex_2,0.3440529886425431
SPS_2,0.33270157737303613
EState_VSA1_2,0.2296756376543258
Delta_TPSA,0.2065055358729304
Inv_T,0.19977014805944654
InvT_x_DMaxCharge,0.192929087389595
MolWt_2,0.17019047974931162
Delta_MaxAbsCharge,0.12218207041406914
Delta_LogP,0.11399422812662283
Chi1n_1,0.09485557379478918
Kappa1_2,0.06567805211035949
