Feature,Importance
NumHDonors_2,1.1949852499360922
MinAbsPartialCharge_2,0.721621707464767
fr_C_O_1,0.5864150560587694
MolLogP_2,0.4166329241562369
SMR_VSA6_1,0.36013717125830746
Chi2v_2,0.30954760858293595
Delta_CSP3,0.30282504626087603
SMR_VSA5_1,0.291116436905608
MinAbsEStateIndex_1,0.26307576125060467
Inv_T,0.2318967406537201
